Abilene, Texas
Akron, Ohio
Albany, New York
Albuquerque, New Mexico
Alexandria, Virginia
Allentown, Pennsylvania
Amarillo, Texas
Anaheim, California
Anchorage, Alaska
Ann Arbor, Michigan
Antioch, California
Arlington, Texas
Arvada, Colorado
Athens, Georgia
Atlanta, Georgia
Augusta, Georgia
Augusta, Maine
Aurora, Colorado
Aurora, Illinois
Austin, Texas
Bakersfield, California
Baltimore, Maryland
Baton Rouge, Louisiana
Beaumont, Texas
Bellevue, Washington
Berkeley, California
Billings, Montana
Birmingham, Alabama
Boise, Idaho
Boston, Massachusetts
Boulder, Colorado
Bridgeport, Connecticut
Broken Arrow, Oklahoma
Brownsville, Texas
Buffalo, New York
Burbank, California
Burlington, Vermont
Cambridge, Massachusetts
Cape Coral, Florida
Carlsbad, California
Carrollton, Texas
Cary, North Carolina
Cedar Rapids, Iowa
Centennial, Colorado
Chandler, Arizona
Charleston, South Carolina
Charleston, West Virginia
Charlotte, North Carolina
Chattanooga, Tennessee
Chesapeake, Virginia
Cheyenne, Wyoming
Chicago, Illinois
Chula Vista, California
Cincinnati, Ohio
Clarksville, Tennessee
Clearwater, Florida
Cleveland, Ohio
Colorado Springs, Colorado
Columbia, South Carolina
Columbia, Missouri
Columbus, Ohio
Columbus, Georgia
Concord, California
Coral Springs, Florida
Corona, California
Corpus Christi, Texas
Costa Mesa, California
Dallas, Texas
Daly City, California
Davenport, Iowa
Dayton, Ohio
Denton, Texas
Denver, Colorado
Des Moines, Iowa
Detroit, Michigan
Dover, Delaware
Downey, California
Durham, North Carolina
El Cajon, California
El Monte, California
El Paso, Texas
Elgin, Illinois
Elizabeth, New Jersey
Elk Grove, California
Erie, Pennsylvania
Escondido, California
Eugene, Oregon
Evansville, Indiana
Everett, Washington
Fairfield, California
Fargo, North Dakota
Fayetteville, North Carolina
Flint, Michigan
Fontana, California
Fort Collins, Colorado
Fort Lauderdale, Florida
Fort Wayne, Indiana
Fort Worth, Texas
Fremont, California
Fresno, California
Frisco, Texas
Fullerton, California
Gainesville, Florida
Garden Grove, California
Garland, Texas
Gilbert, Arizona
Glendale, Arizona
Glendale, California
Grand Prairie, Texas
Grand Rapids, Michigan
Green Bay, Wisconsin
Greensboro, North Carolina
Gresham, Oregon
Hampton, Virginia
Hartford, Connecticut
Hayward, California
Helena, Montana
Henderson, Nevada
Hialeah, Florida
High Point, North Carolina
Hollywood, Florida
Honolulu, Hawaii
Houston, Texas
Huntington Beach, California
Huntsville, Alabama
Independence, Missouri
Indianapolis, Indiana
Inglewood, California
Irvine, California
Irving, Texas
Jackson, Mississippi
Jacksonville, Florida
Jefferson City, Missouri
Jersey City, New Jersey
Joliet, Illinois
Kansas City, Missouri
Kansas City, Kansas
Kenosha, Wisconsin
Kent, Washington
Killeen, Texas
Knoxville, Tennessee
Lafayette, Louisiana
Lakewood, Colorado
Lancaster, California
Lansing, Michigan
Laramie, Wyoming
Laredo, Texas
Las Cruces, New Mexico
Las Vegas, Nevada
Lexington-Fayette, Kentucky
Lincoln, Nebraska
Little Rock, Arkansas
Long Beach, California
Los Angeles, California
Louisville, Kentucky
Lowell, Massachusetts
Lubbock, Texas
Madison, Wisconsin
Manchester, New Hampshire
McAllen, Texas
McKinney, Texas
Memphis, Tennessee
Mesa, Arizona
Mesquite, Texas
Miami, Florida
Miami Gardens, Florida
Midland, Texas
Milwaukee, Wisconsin
Minneapolis, Minnesota
Miramar, Florida
Mobile, Alabama
Modesto, California
Montgomery, Alabama
Montpelier, Vermont
Moreno Valley, California
Murfreesboro, Tennessee
Murrieta, California
Naperville, Illinois
Nashville, Tennessee
New Haven, Connecticut
New Orleans, Louisiana
New York, New York
Newark, New Jersey
Newport News, Virginia
Norfolk, Virginia
Norman, Oklahoma
North Charleston, South Carolina
North Las Vegas, Nevada
Norwalk, California
Oakland, California
Oceanside, California
Odessa, Texas
Oklahoma City, Oklahoma
Olathe, Kansas
Olympia, Washington
Omaha, Nebraska
Ontario, California
Orange, California
Orlando, Florida
Overland Park, Kansas
Oxnard, California
Oyster Bay, New York
Palm Bay, Florida
Palmdale, California
Pasadena, Texas
Pasadena, California
Paterson, New Jersey
Pembroke Pines, Florida
Peoria, Arizona
Peoria, Illinois
Philadelphia, Pennsylvania
Phoenix, Arizona
Pittsburgh, Pennsylvania
Plano, Texas
Pomona, California
Pompano Beach, Florida
Port St. Lucie, Florida
Portland, Oregon
Providence, Rhode Island
Provo, Utah
Pueblo, Colorado
Raleigh, North Carolina
Rancho Cucamonga, California
Reno, Nevada
Rialto, California
Richardson, Texas
Richmond, Virginia
Richmond, California
Riverside, California
Rochester, New York
Rochester, Minnesota
Rockford, Illinois
Roseville, California
Round Rock, Texas
Sacramento, California
Salem, Oregon
Salinas, California
Salt Lake City, Utah
San Antonio, Texas
San Bernardino, California
San Diego, California
San Francisco, California
San Jose, California
Santa Ana, California
Santa Clara, California
Santa Clarita, California
Santa Fe, New Mexico
Santa Maria, California
Santa Rosa, California
Savannah, Georgia
Scottsdale, Arizona
Seattle, Washington
Shreveport, Louisiana
Simi Valley, California
Sioux Falls, South Dakota
South Bend, Indiana
Spokane, Washington
Springfield, Missouri
Springfield, Massachusetts
Springfield, Illinois
St. Louis, Missouri
St. Paul, Minnesota
St. Petersburg, Florida
Stamford, Connecticut
Sterling Heights, Michigan
Stockton, California
Sunnyvale, California
Surprise, Arizona
Syracuse, New York
Tacoma, Washington
Tallahassee, Florida
Tampa, Florida
Temecula, California
Tempe, Arizona
Thornton, Colorado
Thousand Oaks, California
Toledo, Ohio
Topeka, Kansas
Torrance, California
Tucson, Arizona
Tulsa, Oklahoma
Vallejo, California
Vancouver, Washington
Victorville, California
Virginia Beach, Virginia
Visalia, California
Waco, Texas
Warren, Michigan
Washington, District of Columbia
Waterbury, Connecticut
West Covina, California
West Jordan, Utah
West Palm Beach, Florida
West Valley City, Utah
Westminster, Colorado
Wichita, Kansas
Wichita Falls, Texas
Wilmington, North Carolina
Winston-Salem, North Carolina
Worcester, Massachusetts
Yonkers, New York
Tuscaloosa, Alabama
Hoover, Alabama
Dothan, Alabama
Decatur, Alabama
Auburn, Alabama
Madison, Alabama
Florence, Alabama
Gadsden, Alabama
Vestavia Hills, Alabama
Phenix City, Alabama
Prattville, Alabama
Alabaster, Alabama
Bessemer, Alabama
Opelika, Alabama
Enterprise, Alabama
Homewood, Alabama
Northport, Alabama
Anniston, Alabama
Prichard, Alabama
Athens, Alabama
Daphne, Alabama
Pelham, Alabama
Oxford, Alabama
Albertville, Alabama
Selma, Alabama
Mountain Brook, Alabama
Trussville, Alabama
Troy, Alabama
Tillmans Corner, Alabama
Center Point, Alabama
Helena, Alabama
Hueytown, Alabama
Talladega, Alabama
Fairhope, Alabama
Ozark, Alabama
Alexander City, Alabama
Scottsboro, Alabama
Cullman, Alabama
Foley, Alabama
Millbrook, Alabama
Fairbanks, Alaska
Juneau, Alaska
Badger, Alaska
Knik-Fairview, Alaska
College, Alaska
Tanaina, Alaska
Lakes, Alaska
Sitka, Alaska
Ketchikan, Alaska
Wasilla, Alaska
Kalifornsky, Alaska
Kenai, Alaska
Meadow Lakes, Alaska
Kodiak, Alaska
Steele Creek, Alaska
Bethel, Alaska
Palmer, Alaska
Chena Ridge, Alaska
Sterling, Alaska
Gateway, Alaska
Homer, Alaska
Fishhook, Alaska
Nikiski, Alaska
Unalaska, Alaska
Barrow, Alaska
Soldotna, Alaska
Valdez, Alaska
Goldstream, Alaska
Farmers Loop, Alaska
Nome, Alaska
Big Lake, Alaska
Butte, Alaska
Kotzebue, Alaska
Petersburg, Alaska
Seward, Alaska
Ester, Alaska
Eielson AFB, Alaska
Cordova, Alaska
Wrangell, Alaska
Ridgeway, Alaska
North Pole, Alaska
Dillingham, Alaska
Anchor Point, Alaska
Yuma, Arizona
San Tan Valley, Arizona
Avondale, Arizona
Casas Adobes, Arizona
Flagstaff, Arizona
Goodyear, Arizona
Lake Havasu City, Arizona
Catalina Foothills, Arizona
Buckeye, Arizona
Casa Grande, Arizona
Sierra Vista, Arizona
Maricopa, Arizona
Oro Valley, Arizona
Prescott, Arizona
Bullhead City, Arizona
Prescott Valley, Arizona
Sun City, Arizona
Apache Junction, Arizona
Marana, Arizona
El Mirage, Arizona
Drexel Heights, Arizona
Fortuna Foothills, Arizona
Kingman, Arizona
Florence, Arizona
Queen Creek, Arizona
San Luis, Arizona
Sun City West, Arizona
Sahuarita, Arizona
Anthem, Arizona
Fountain Hills, Arizona
Green Valley, Arizona
Nogales, Arizona
Rio Rico, Arizona
Douglas, Arizona
Fort Smith, Arkansas
Fayetteville, Arkansas
Springdale, Arkansas
Jonesboro, Arkansas
North Little Rock, Arkansas
Conway, Arkansas
Rogers, Arkansas
Pine Bluff, Arkansas
Bentonville, Arkansas
Hot Springs, Arkansas
Benton, Arkansas
Texarkana, Arkansas
Sherwood, Arkansas
Jacksonville, Arkansas
Russellville, Arkansas
Bella Vista, Arkansas
Paragould, Arkansas
West Memphis, Arkansas
Cabot, Arkansas
Searcy, Arkansas
Van Buren, Arkansas
El Dorado, Arkansas
Bryant, Arkansas
Maumelle, Arkansas
Blytheville, Arkansas
Forrest City, Arkansas
Siloam Springs, Arkansas
Hot Springs Village, Arkansas
Harrison, Arkansas
Mountain Home, Arkansas
Helena-West Helena, Arkansas
Marion, Arkansas
Camden, Arkansas
Magnolia, Arkansas
Arkadelphia, Arkansas
Malvern, Arkansas
Batesville, Arkansas
Hope, Arkansas
Monticello, Arkansas
Centerton, Arkansas
Stuttgart, Arkansas
Clarksville, Arkansas
Greenwood, Arkansas
East Los Angeles, California
Highlands Ranch, Colorado
Greeley, Colorado
Longmont, Colorado
Loveland, Colorado
Grand Junction, Colorado
Broomfield, Colorado
Castle Rock, Colorado
Commerce City, Colorado
Parker, Colorado
Littleton, Colorado
Northglenn, Colorado
Ken Caryl, Colorado
Brighton, Colorado
Dakota Ridge, Colorado
Security-Widefield, Colorado
Englewood, Colorado
Wheat Ridge, Colorado
Pueblo West, Colorado
Fountain, Colorado
Lafayette, Colorado
Columbine, Colorado
Clifton, Colorado
Montrose, Colorado
Golden, Colorado
Sherrelwood, Colorado
Windsor, Colorado
Louisville, Colorado
Evans, Colorado
Erie, Colorado
Durango, Colorado
Cimarron Hills, Colorado
Welby, Colorado
Norwalk, Connecticut
Danbury, Connecticut
New Britain, Connecticut
West Hartford, Connecticut
Meriden, Connecticut
Bristol, Connecticut
West Haven, Connecticut
Stratford, Connecticut
East Hartford, Connecticut
Milford, Connecticut
Middletown, Connecticut
Norwich, Connecticut
Shelton, Connecticut
Torrington, Connecticut
Trumbull, Connecticut
Naugatuck, Connecticut
Newington, Connecticut
Manchester, Connecticut
East Haven, Connecticut
New London, Connecticut
Wethersfield, Connecticut
Westport, Connecticut
North Haven, Connecticut
Darien, Connecticut
Ansonia, Connecticut
Wallingford Center, Connecticut
Willimantic, Connecticut
Storrs, Connecticut
Orange, Connecticut
Greenwich, Connecticut
Derby, Connecticut
Windsor Locks, Connecticut
Conning Towers Nautilus Park, Connecticut
Groton, Connecticut
Bethel, Connecticut
Oakville, Connecticut
Thompsonville, Connecticut
Kensington, Connecticut
Riverside, Connecticut
Wilmington, Delaware
Newark, Delaware
Bear, Delaware
Middletown, Delaware
Glasgow, Delaware
Brookside, Delaware
Hockessin, Delaware
Pike Creek Valley, Delaware
Smyrna, Delaware
Milford, Delaware
Wilmington Manor, Delaware
Claymont, Delaware
North Star, Delaware
Pike Creek, Delaware
Seaford, Delaware
Georgetown, Delaware
Elsmere, Delaware
Edgemoor, Delaware
New Castle, Delaware
Millsboro, Delaware
Highland Acres, Delaware
Laurel, Delaware
Harrington, Delaware
Camden, Delaware
Dover Base Housing, Delaware
Rising Sun-Lebanon, Delaware
Selbyville, Delaware
Clayton, Delaware
Riverview, Delaware
Lewes, Delaware
Milton, Delaware
Greenville, Delaware
Bridgeville, Delaware
Woodside East, Delaware
Long Neck, Delaware
Ocean View, Delaware
Townsend, Delaware
Delaware City, Delaware
Kent Acres, Delaware
Delmar, Delaware
Cheswold, Delaware
Wyoming, Delaware
Blades, Delaware
Brandon, Florida
Spring Hill, Florida
Lakeland, Florida
Lehigh Acres, Florida
Davie, Florida
Miami Beach, Florida
Plantation, Florida
Sunrise, Florida
Boca Raton, Florida
Deltona, Florida
Alafaya, Florida
Town 'n' Country, Florida
Largo, Florida
Kendall, Florida
Melbourne, Florida
Deerfield Beach, Florida
Palm Coast, Florida
Riverview, Florida
Boynton Beach, Florida
Lauderhill, Florida
Weston, Florida
Pine Hills, Florida
Fort Myers, Florida
Daytona Beach, Florida
Sandy Springs, Georgia
Macon, Georgia
Roswell, Georgia
Albany, Georgia
Johns Creek, Georgia
Warner Robins, Georgia
Alpharetta, Georgia
Marietta, Georgia
Valdosta, Georgia
Smyrna, Georgia
Dunwoody, Georgia
Mableton, Georgia
Rome, Georgia
Martinez, Georgia
East Point, Georgia
Peachtree City, Georgia
Redan, Georgia
Gainesville, Georgia
Hinesville, Georgia
Dalton, Georgia
Newnan, Georgia
Milton, Georgia
Douglasville, Georgia
Evans, Georgia
Kennesaw, Georgia
LaGrange, Georgia
Lawrenceville, Georgia
Statesboro, Georgia
Tucker, Georgia
Duluth, Georgia
Stockbridge, Georgia
Carrollton, Georgia
Woodstock, Georgia
Griffin, Georgia
Canton, Georgia
Candler-McAfee, Georgia
McDonough, Georgia
Acworth, Georgia
Cartersville, Georgia
East Honolulu, Hawaii
Pearl City, Hawaii
Hilo, Hawaii
Waipahu, Hawaii
Kailua, Hawaii
Kaneohe, Hawaii
Mililani Town, Hawaii
Kahului, Hawaii
Ewa Gentry, Hawaii
Kihei, Hawaii
Mililani Mauka, Hawaii
Makakilo, Hawaii
Wahiawa, Hawaii
Schofield Barracks, Hawaii
Wailuku, Hawaii
Royal Kunia, Hawaii
Ewa Beach, Hawaii
Kapolei, Hawaii
Halawa, Hawaii
Waimalu, Hawaii
Nanakuli, Hawaii
Waianae, Hawaii
Waipio, Hawaii
Lahaina, Hawaii
Waihee-Waiehu, Hawaii
Kalaoa, Hawaii
Kapaa, Hawaii
Kaneohe Station, Hawaii
Holualoa, Hawaii
Hawaiian Paradise Park, Hawaii
Aiea, Hawaii
Waimea, Hawaii
Ahuimanu, Hawaii
Haiku-Pauwela, Hawaii
Maili, Hawaii
Makaha, Hawaii
Pukalani, Hawaii
Waikele, Hawaii
Lihue, Hawaii
Ocean Pointe, Hawaii
Makawao, Hawaii
Hickam Housing, Hawaii
Kula, Hawaii
Nampa, Idaho
Meridian, Idaho
Idaho Falls, Idaho
Pocatello, Idaho
Caldwell, Idaho
Coeur d'Alene, Idaho
Twin Falls, Idaho
Lewiston, Idaho
Post Falls, Idaho
Rexburg, Idaho
Moscow, Idaho
Eagle, Idaho
Kuna, Idaho
Mountain Home, Idaho
Chubbuck, Idaho
Ammon, Idaho
Hayden, Idaho
Blackfoot, Idaho
Garden City, Idaho
Jerome, Idaho
Burley, Idaho
Hailey, Idaho
Payette, Idaho
Sandpoint, Idaho
Rathdrum, Idaho
Emmett, Idaho
Star, Idaho
Middleton, Idaho
Rupert, Idaho
Weiser, Idaho
Preston, Idaho
Fruitland, Idaho
Shelley, Idaho
American Falls, Idaho
Buhl, Idaho
Rigby, Idaho
Gooding, Idaho
St. Anthony, Idaho
Kimberly, Idaho
Mountain Home AFB, Idaho
Grangeville, Idaho
Salmon, Idaho
Orofino, Idaho
Waukegan, Illinois
Cicero, Illinois
Champaign, Illinois
Bloomington, Illinois
Decatur, Illinois
Arlington Heights, Illinois
Evanston, Illinois
Schaumburg, Illinois
Bolingbrook, Illinois
Palatine, Illinois
Skokie, Illinois
Des Plaines, Illinois
Orland Park, Illinois
Oak Lawn, Illinois
Berwyn, Illinois
Tinley Park, Illinois
Mount Prospect, Illinois
Wheaton, Illinois
Normal, Illinois
Hoffman Estates, Illinois
Oak Park, Illinois
Downers Grove, Illinois
Glenview, Illinois
Elmhurst, Illinois
DeKalb, Illinois
Belleville, Illinois
Moline, Illinois
Lombard, Illinois
Buffalo Grove, Illinois
Urbana, Illinois
Bartlett, Illinois
Crystal Lake, Illinois
Quincy, Illinois
Streamwood, Illinois
Carol Stream, Illinois
Romeoville, Illinois
Gary, Indiana
Hammond, Indiana
Bloomington, Indiana
Carmel, Indiana
Fishers, Indiana
Muncie, Indiana
Lafayette, Indiana
Terre Haute, Indiana
Anderson, Indiana
Kokomo, Indiana
Noblesville, Indiana
Elkhart, Indiana
Greenwood, Indiana
Mishawaka, Indiana
Lawrence, Indiana
Jeffersonville, Indiana
Columbus, Indiana
Richmond, Indiana
Portage, Indiana
New Albany, Indiana
Merrillville, Indiana
Goshen, Indiana
Michigan City, Indiana
Valparaiso, Indiana
Marion, Indiana
Westfield, Indiana
West Lafayette, Indiana
East Chicago, Indiana
Granger, Indiana
Schererville, Indiana
Hobart, Indiana
Plainfield, Indiana
Crown Point, Indiana
Franklin, Indiana
Highland, Indiana
Munster, Indiana
Zionsville, Indiana
Clarksville, Indiana
La Porte, Indiana
Brownsburg, Indiana
Sioux City, Iowa
Iowa City, Iowa
Waterloo, Iowa
Council Bluffs, Iowa
Ames, Iowa
Dubuque, Iowa
West Des Moines, Iowa
Ankeny, Iowa
Urbandale, Iowa
Cedar Falls, Iowa
Marion, Iowa
Bettendorf, Iowa
Mason City, Iowa
Marshalltown, Iowa
Clinton, Iowa
Burlington, Iowa
Fort Dodge, Iowa
Ottumwa, Iowa
Muscatine, Iowa
Coralville, Iowa
Johnston, Iowa
Clive, Iowa
Newton, Iowa
Indianola, Iowa
Altoona, Iowa
Waukee, Iowa
North Liberty, Iowa
Boone, Iowa
Oskaloosa, Iowa
Spencer, Iowa
Fort Madison, Iowa
Keokuk, Iowa
Storm Lake, Iowa
Pella, Iowa
Carroll, Iowa
Waverly, Iowa
Le Mars, Iowa
Fairfield, Iowa
Grinnell, Iowa
Norwalk, Iowa
Mount Pleasant, Iowa
Lawrence, Kansas
Shawnee, Kansas
Manhattan, Kansas
Lenexa, Kansas
Salina, Kansas
Hutchinson, Kansas
Leavenworth, Kansas
Leawood, Kansas
Dodge City, Kansas
Garden City, Kansas
Emporia, Kansas
Junction City, Kansas
Derby, Kansas
Prairie Village, Kansas
Liberal, Kansas
Hays, Kansas
Pittsburg, Kansas
Gardner, Kansas
Newton, Kansas
Great Bend, Kansas
McPherson, Kansas
El Dorado, Kansas
Ottawa, Kansas
Arkansas City, Kansas
Winfield, Kansas
Andover, Kansas
Lansing, Kansas
Merriam, Kansas
Atchison, Kansas
Haysville, Kansas
Parsons, Kansas
Coffeyville, Kansas
Independence, Kansas
Mission, Kansas
Augusta, Kansas
Chanute, Kansas
Fort Riley, Kansas
Wellington, Kansas
Fort Scott, Kansas
Bowling Green, Kentucky
Owensboro, Kentucky
Covington, Kentucky
Hopkinsville, Kentucky
Richmond, Kentucky
Florence, Kentucky
Georgetown, Kentucky
Henderson, Kentucky
Elizabethtown, Kentucky
Nicholasville, Kentucky
Frankfort, Kentucky
Jeffersontown, Kentucky
Paducah, Kentucky
Independence, Kentucky
Radcliff, Kentucky
Ashland, Kentucky
Madisonville, Kentucky
Winchester, Kentucky
Erlanger, Kentucky
Murray, Kentucky
St. Matthews, Kentucky
Burlington, Kentucky
Danville, Kentucky
Fort Thomas, Kentucky
Newport, Kentucky
Shively, Kentucky
Shelbyville, Kentucky
Glasgow, Kentucky
Fort Campbell North, Kentucky
Berea, Kentucky
Bardstown, Kentucky
Somerset, Kentucky
Shepherdsville, Kentucky
Lyndon, Kentucky
Fort Knox, Kentucky
Lawrenceburg, Kentucky
Middlesborough, Kentucky
Campbellsville, Kentucky
Mayfield, Kentucky
Paris, Kentucky
Mount Washington, Kentucky
Maysville, Kentucky
Metairie, Louisiana
Lake Charles, Louisiana
Kenner, Louisiana
Bossier City, Louisiana
Monroe, Louisiana
Alexandria, Louisiana
Houma, Louisiana
Marrero, Louisiana
New Iberia, Louisiana
Laplace, Louisiana
Prairieville, Louisiana
Slidell, Louisiana
Central, Louisiana
Terrytown, Louisiana
Ruston, Louisiana
Bayou Cane, Louisiana
Sulphur, Louisiana
Harvey, Louisiana
Hammond, Louisiana
Shenandoah, Louisiana
Natchitoches, Louisiana
Gretna, Louisiana
Estelle, Louisiana
Opelousas, Louisiana
Chalmette, Louisiana
Zachary, Louisiana
Thibodaux, Louisiana
Pineville, Louisiana
Baker, Louisiana
River Ridge, Louisiana
Crowley, Louisiana
Belle Chasse, Louisiana
West Monroe, Louisiana
Minden, Louisiana
Morgan City, Louisiana
Luling, Louisiana
Abbeville, Louisiana
Bayou Blue, Louisiana
Bogalusa, Louisiana
Claiborne, Louisiana
Portland, Maine
Lewiston, Maine
Bangor, Maine
South Portland, Maine
Auburn, Maine
Biddeford, Maine
Saco, Maine
Westbrook, Maine
Waterville, Maine
Brunswick, Maine
Sanford, Maine
Presque Isle, Maine
Brewer, Maine
Orono, Maine
Old Orchard Beach, Maine
Bath, Maine
Caribou, Maine
Old Town, Maine
Winslow, Maine
Ellsworth, Maine
Rockland, Maine
Gorham, Maine
Belfast, Maine
Skowhegan, Maine
Topsham, Maine
Gardiner, Maine
Yarmouth, Maine
Kennebunk, Maine
Houlton, Maine
Kittery, Maine
Millinocket, Maine
South Sanford, Maine
Rumford, Maine
Scarborough, Maine
Farmington, Maine
Lisbon Falls, Maine
North Windham, Maine
Hampden, Maine
Springvale, Maine
South Eliot, Maine
Camden, Maine
Pittsfield, Maine
Lincoln, Maine
Columbia, Maryland
Germantown, Maryland
Silver Spring, Maryland
Waldorf, Maryland
Ellicott City, Maryland
Glen Burnie, Maryland
Frederick, Maryland
Dundalk, Maryland
Rockville, Maryland
Gaithersburg, Maryland
Bethesda, Maryland
Towson, Maryland
Bowie, Maryland
Aspen Hill, Maryland
Wheaton, Maryland
Bel Air South, Maryland
Potomac, Maryland
Severn, Maryland
North Bethesda, Maryland
Catonsville, Maryland
Hagerstown, Maryland
Woodlawn, Maryland
Essex, Maryland
Annapolis, Maryland
Severna Park, Maryland
Odenton, Maryland
Clinton, Maryland
Chillum, Maryland
Olney, Maryland
Randallstown, Maryland
Montgomery Village, Maryland
Owings Mills, Maryland
Pikesville, Maryland
Eldersburg, Maryland
Bel Air North, Maryland
College Park, Maryland
Salisbury, Maryland
Parkville, Maryland
Milford Mill, Maryland
Crofton, Maryland
Perry Hall, Maryland
Carney, Maryland
Reisterstown, Maryland
New Bedford, Massachusetts
Brockton, Massachusetts
Quincy, Massachusetts
Lynn, Massachusetts
Fall River, Massachusetts
Newton, Massachusetts
Lawrence, Massachusetts
Somerville, Massachusetts
Framingham, Massachusetts
Haverhill, Massachusetts
Waltham, Massachusetts
Malden, Massachusetts
Brookline, Massachusetts
Medford, Massachusetts
Taunton, Massachusetts
Chicopee, Massachusetts
Weymouth Town, Massachusetts
Revere, Massachusetts
Peabody, Massachusetts
Methuen Town, Massachusetts
Barnstable Town, Massachusetts
Pittsfield, Massachusetts
Attleboro, Massachusetts
Arlington, Massachusetts
Salem, Massachusetts
Everett, Massachusetts
Westfield, Massachusetts
Leominster, Massachusetts
Fitchburg, Massachusetts
Holyoke, Massachusetts
Beverly, Massachusetts
Marlborough, Massachusetts
Woburn, Massachusetts
Braintree Town, Massachusetts
Chelsea, Massachusetts
Randolph, Massachusetts
Watertown Town, Massachusetts
Franklin Town, Massachusetts
Lexington, Massachusetts
Dearborn, Michigan
Livonia, Michigan
Westland, Michigan
Troy, Michigan
Farmington Hills, Michigan
Kalamazoo, Michigan
Wyoming, Michigan
Southfield, Michigan
Rochester Hills, Michigan
Taylor, Michigan
Pontiac, Michigan
St. Clair Shores, Michigan
Royal Oak, Michigan
Dearborn Heights, Michigan
Novi, Michigan
Battle Creek, Michigan
Saginaw, Michigan
Kentwood, Michigan
East Lansing, Michigan
Roseville, Michigan
Portage, Michigan
Midland, Michigan
Muskegon, Michigan
Lincoln Park, Michigan
Bay City, Michigan
Jackson, Michigan
Holland, Michigan
Eastpointe, Michigan
Port Huron, Michigan
Burton, Michigan
Southgate, Michigan
Madison Heights, Michigan
Oak Park, Michigan
Allen Park, Michigan
Garden City, Michigan
Forest Hills, Michigan
Mount Pleasant, Michigan
Duluth, Minnesota
Bloomington, Minnesota
Brooklyn Park, Minnesota
Plymouth, Minnesota
St. Cloud, Minnesota
Eagan, Minnesota
Woodbury, Minnesota
Maple Grove, Minnesota
Coon Rapids, Minnesota
Eden Prairie, Minnesota
Burnsville, Minnesota
Blaine, Minnesota
Lakeville, Minnesota
Minnetonka, Minnesota
Apple Valley, Minnesota
Edina, Minnesota
St. Louis Park, Minnesota
Mankato, Minnesota
Maplewood, Minnesota
Moorhead, Minnesota
Shakopee, Minnesota
Richfield, Minnesota
Cottage Grove, Minnesota
Inver Grove Heights, Minnesota
Roseville, Minnesota
Andover, Minnesota
Brooklyn Center, Minnesota
Winona, Minnesota
Oakdale, Minnesota
Fridley, Minnesota
Savage, Minnesota
Owatonna, Minnesota
Shoreview, Minnesota
Austin, Minnesota
White Bear Lake, Minnesota
Chaska, Minnesota
Ramsey, Minnesota
Faribault, Minnesota
Chanhassen, Minnesota
Champlin, Minnesota
Elk River, Minnesota
Gulfport, Mississippi
Southaven, Mississippi
Hattiesburg, Mississippi
Biloxi, Mississippi
Meridian, Mississippi
Tupelo, Mississippi
Greenville, Mississippi
Olive Branch, Mississippi
Horn Lake, Mississippi
Pearl, Mississippi
Clinton, Mississippi
Madison, Mississippi
Ridgeland, Mississippi
Starkville, Mississippi
Vicksburg, Mississippi
Columbus, Mississippi
Pascagoula, Mississippi
Brandon, Mississippi
Oxford, Mississippi
Laurel, Mississippi
Gautier, Mississippi
Clarksdale, Mississippi
Ocean Springs, Mississippi
Natchez, Mississippi
Greenwood, Mississippi
Long Beach, Mississippi
Corinth, Mississippi
Hernando, Mississippi
Moss Point, Mississippi
Canton, Mississippi
Grenada, Mississippi
McComb, Mississippi
Brookhaven, Mississippi
Cleveland, Mississippi
Yazoo City, Mississippi
West Point, Mississippi
Byram, Mississippi
Picayune, Mississippi
Indianola, Mississippi
Petal, Mississippi
Bay St. Louis, Mississippi
D'Iberville, Mississippi
Booneville, Mississippi
Lee's Summit, Missouri
O'Fallon, Missouri
St. Joseph, Missouri
St. Charles, Missouri
St. Peters, Missouri
Blue Springs, Missouri
Florissant, Missouri
Joplin, Missouri
Chesterfield, Missouri
Cape Girardeau, Missouri
Oakville, Missouri
University City, Missouri
Wildwood, Missouri
Ballwin, Missouri
Raytown, Missouri
Liberty, Missouri
Wentzville, Missouri
Mehlville, Missouri
Kirkwood, Missouri
Maryland Heights, Missouri
Hazelwood, Missouri
Gladstone, Missouri
Grandview, Missouri
Belton, Missouri
Webster Groves, Missouri
Sedalia, Missouri
Ferguson, Missouri
Arnold, Missouri
Spanish Lake, Missouri
Affton, Missouri
Old Jamestown, Missouri
Rolla, Missouri
Nixa, Missouri
Raymore, Missouri
Warrensburg, Missouri
Manchester, Missouri
Hannibal, Missouri
Creve Coeur, Missouri
Missoula, Montana
Great Falls, Montana
Bozeman, Montana
Butte-Silver Bow, Montana
Kalispell, Montana
Havre, Montana
Anaconda-Deer Lodge County, Montana
Miles City, Montana
Helena Valley West Central, Montana
Helena Valley Southeast, Montana
Belgrade, Montana
Livingston, Montana
Laurel, Montana
Evergreen, Montana
Lockwood, Montana
Whitefish, Montana
Lewistown, Montana
Orchard Homes, Montana
Sidney, Montana
Glendive, Montana
Columbia Falls, Montana
Polson, Montana
Hamilton, Montana
Bigfork, Montana
Dillon, Montana
Malmstrom AFB, Montana
Helena Valley Northwest, Montana
Hardin, Montana
Lolo, Montana
Glasgow, Montana
Deer Lodge, Montana
Four Corners, Montana
Cut Bank, Montana
Shelby, Montana
Montana City, Montana
Libby, Montana
Wolf Point, Montana
Conrad, Montana
Helena Valley Northeast, Montana
North Browning, Montana
Colstrip, Montana
Red Lodge, Montana
Bellevue, Nebraska
Grand Island, Nebraska
Kearney, Nebraska
Fremont, Nebraska
Hastings, Nebraska
North Platte, Nebraska
Norfolk, Nebraska
Columbus, Nebraska
Papillion, Nebraska
La Vista, Nebraska
Scottsbluff, Nebraska
South Sioux City, Nebraska
Beatrice, Nebraska
Chalco, Nebraska
Lexington, Nebraska
Alliance, Nebraska
Gering, Nebraska
Blair, Nebraska
York, Nebraska
McCook, Nebraska
Nebraska City, Nebraska
Crete, Nebraska
Seward, Nebraska
Sidney, Nebraska
Plattsmouth, Nebraska
Ralston, Nebraska
Schuyler, Nebraska
Chadron, Nebraska
Wayne, Nebraska
Holdrege, Nebraska
Offutt AFB, Nebraska
Gretna, Nebraska
Ogallala, Nebraska
Wahoo, Nebraska
Aurora, Nebraska
Falls City, Nebraska
Cozad, Nebraska
Fairbury, Nebraska
O'Neill, Nebraska
Gothenburg, Nebraska
Broken Bow, Nebraska
Auburn, Nebraska
Paradise, Nevada
Sunrise Manor, Nevada
Spring Valley, Nevada
Enterprise, Nevada
Sparks, Nevada
Carson City, Nevada
Whitney, Nevada
Pahrump, Nevada
Winchester, Nevada
Summerlin South, Nevada
Fernley, Nevada
Sun Valley, Nevada
Elko, Nevada
Spanish Springs, Nevada
Mesquite, Nevada
Boulder City, Nevada
Spring Creek, Nevada
Gardnerville Ranchos, Nevada
Dayton, Nevada
Fallon, Nevada
Cold Springs, Nevada
Incline Village, Nevada
Winnemucca, Nevada
Laughlin, Nevada
Moapa Valley, Nevada
Johnson Lane, Nevada
Silver Springs, Nevada
Gardnerville, Nevada
Indian Hills, Nevada
Lemmon Valley, Nevada
West Wendover, Nevada
Ely, Nevada
Battle Mountain, Nevada
Hawthorne, Nevada
Washoe Valley, Nevada
Minden, Nevada
Yerington, Nevada
Nellis AFB, Nevada
Tonopah, Nevada
Carlin, Nevada
Nashua, New Hampshire
Concord, New Hampshire
Dover, New Hampshire
Rochester, New Hampshire
Keene, New Hampshire
Derry, New Hampshire
Portsmouth, New Hampshire
Laconia, New Hampshire
Claremont, New Hampshire
Lebanon, New Hampshire
Somersworth, New Hampshire
Londonderry, New Hampshire
Berlin, New Hampshire
Exeter, New Hampshire
Hampton, New Hampshire
Durham, New Hampshire
Hanover, New Hampshire
Milford, New Hampshire
Franklin, New Hampshire
Hudson, New Hampshire
South Hooksett, New Hampshire
Newmarket, New Hampshire
Suncook, New Hampshire
Newport, New Hampshire
Littleton, New Hampshire
Hooksett, New Hampshire
Pinardville, New Hampshire
Plymouth, New Hampshire
Tilton Northfield, New Hampshire
East Merrimack, New Hampshire
Farmington, New Hampshire
Goffstown, New Hampshire
Peterborough, New Hampshire
Raymond, New Hampshire
Hillsborough, New Hampshire
Jaffrey, New Hampshire
Wolfeboro, New Hampshire
North Conway, New Hampshire
Hampton Beach, New Hampshire
Bristol, New Hampshire
Winchester, New Hampshire
Henniker, New Hampshire
Contoocook, New Hampshire
Toms River, New Jersey
Trenton, New Jersey
Clifton, New Jersey
Camden, New Jersey
Passaic, New Jersey
Union City, New Jersey
East Orange, New Jersey
Bayonne, New Jersey
Vineland, New Jersey
New Brunswick, New Jersey
Lakewood, New Jersey
Perth Amboy, New Jersey
Hoboken, New Jersey
West New York, New Jersey
Plainfield, New Jersey
Hackensack, New Jersey
Sayreville, New Jersey
Kearny, New Jersey
Linden, New Jersey
Atlantic City, New Jersey
Fort Lee, New Jersey
Fair Lawn, New Jersey
Long Branch, New Jersey
Garfield, New Jersey
Westfield, New Jersey
Millville, New Jersey
Rahway, New Jersey
Englewood, New Jersey
Bergenfield, New Jersey
Paramus, New Jersey
Bridgeton, New Jersey
Ridgewood, New Jersey
Lodi, New Jersey
Cliffside Park, New Jersey
Old Bridge, New Jersey
South Plainfield, New Jersey
Carteret, New Jersey
Somerset, New Jersey
North Plainfield, New Jersey
Summit, New Jersey
Rio Rancho, New Mexico
Roswell, New Mexico
Farmington, New Mexico
South Valley, New Mexico
Clovis, New Mexico
Hobbs, New Mexico
Alamogordo, New Mexico
Carlsbad, New Mexico
Gallup, New Mexico
Deming, New Mexico
Los Lunas, New Mexico
Sunland Park, New Mexico
Las Vegas, New Mexico
Chaparral, New Mexico
Portales, New Mexico
Los Alamos, New Mexico
North Valley, New Mexico
Artesia, New Mexico
Lovington, New Mexico
Silver City, New Mexico
Zuni Pueblo, New Mexico
Grants, New Mexico
Socorro, New Mexico
Shiprock, New Mexico
Anthony, New Mexico
Corrales, New Mexico
Bernalillo, New Mexico
Ruidoso, New Mexico
Bloomfield, New Mexico
Belen, New Mexico
Raton, New Mexico
Aztec, New Mexico
Lee Acres, New Mexico
Truth or Consequences, New Mexico
Kirtland, New Mexico
Eldorado at Santa Fe, New Mexico
Los Ranchos de Albuquerque, New Mexico
Meadow Lake, New Mexico
White Rock, New Mexico
Taos, New Mexico
New Rochelle, New York
Cheektowaga, New York
Mount Vernon, New York
Schenectady, New York
Utica, New York
Tonawanda, New York
Brentwood, New York
White Plains, New York
Hempstead, New York
Levittown, New York
Irondequoit, New York
Niagara Falls, New York
Troy, New York
Binghamton, New York
West Seneca, New York
West Babylon, New York
Freeport, New York
Hicksville, New York
Coram, New York
East Meadow, New York
Valley Stream, New York
Central Islip, New York
Brighton, New York
Commack, New York
Elmont, New York
New City, New York
Rome, New York
Long Beach, New York
Huntington Station, New York
Centereach, New York
Poughkeepsie, New York
North Tonawanda, New York
Spring Valley, New York
Oceanside, New York
Jamestown, New York
Ithaca, New York
Franklin Square, New York
Elmira, New York
Greenville, North Carolina
Asheville, North Carolina
Concord, North Carolina
Gastonia, North Carolina
Jacksonville, North Carolina
Rocky Mount, North Carolina
Chapel Hill, North Carolina
Burlington, North Carolina
Wilson, North Carolina
Huntersville, North Carolina
Kannapolis, North Carolina
Hickory, North Carolina
Apex, North Carolina
Goldsboro, North Carolina
Salisbury, North Carolina
Indian Trail, North Carolina
Monroe, North Carolina
Mooresville, North Carolina
Wake Forest, North Carolina
New Bern, North Carolina
Sanford, North Carolina
Matthews, North Carolina
Thomasville, North Carolina
Garner, North Carolina
Asheboro, North Carolina
Cornelius, North Carolina
Statesville, North Carolina
Holly Springs, North Carolina
Kernersville, North Carolina
Mint Hill, North Carolina
Kinston, North Carolina
Lumberton, North Carolina
Havelock, North Carolina
Shelby, North Carolina
Carrboro, North Carolina
Bismarck, North Dakota
Grand Forks, North Dakota
Minot, North Dakota
West Fargo, North Dakota
Mandan, North Dakota
Dickinson, North Dakota
Williston, North Dakota
Jamestown, North Dakota
Wahpeton, North Dakota
Devils Lake, North Dakota
Valley City, North Dakota
Minot AFB, North Dakota
Grafton, North Dakota
Beulah, North Dakota
Rugby, North Dakota
Horace, North Dakota
Grand Forks AFB, North Dakota
Lincoln, North Dakota
Hazen, North Dakota
Bottineau, North Dakota
Lisbon, North Dakota
Casselton, North Dakota
Watford City, North Dakota
Carrington, North Dakota
Stanley, North Dakota
Oakes, North Dakota
Harvey, North Dakota
New Town, North Dakota
Belcourt, North Dakota
Langdon, North Dakota
Hillsboro, North Dakota
Mayville, North Dakota
Bowman, North Dakota
Ellendale, North Dakota
Park River, North Dakota
Larimore, North Dakota
Cavalier, North Dakota
New Rockford, North Dakota
Washburn, North Dakota
Rolla, North Dakota
Shell Valley, North Dakota
Hettinger, North Dakota
Garrison, North Dakota
Parma, Ohio
Canton, Ohio
Youngstown, Ohio
Lorain, Ohio
Hamilton, Ohio
Springfield, Ohio
Kettering, Ohio
Elyria, Ohio
Lakewood, Ohio
Cuyahoga Falls, Ohio
Euclid, Ohio
Middletown, Ohio
Mansfield, Ohio
Newark, Ohio
Mentor, Ohio
Cleveland Heights, Ohio
Beavercreek, Ohio
Strongsville, Ohio
Fairfield, Ohio
Warren, Ohio
Findlay, Ohio
Dublin, Ohio
Lancaster, Ohio
Lima, Ohio
Huber Heights, Ohio
Marion, Ohio
Westerville, Ohio
Reynoldsburg, Ohio
Grove City, Ohio
Delaware, Ohio
Boardman, Ohio
Stow, Ohio
Brunswick, Ohio
Upper Arlington, Ohio
Gahanna, Ohio
North Olmsted, Ohio
Westlake, Ohio
Fairborn, Ohio
Lawton, Oklahoma
Edmond, Oklahoma
Moore, Oklahoma
Midwest City, Oklahoma
Enid, Oklahoma
Stillwater, Oklahoma
Muskogee, Oklahoma
Bartlesville, Oklahoma
Shawnee, Oklahoma
Owasso, Oklahoma
Ponca City, Oklahoma
Ardmore, Oklahoma
Duncan, Oklahoma
Yukon, Oklahoma
Del City, Oklahoma
Bixby, Oklahoma
Sapulpa, Oklahoma
Altus, Oklahoma
Bethany, Oklahoma
Sand Springs, Oklahoma
Claremore, Oklahoma
McAlester, Oklahoma
Mustang, Oklahoma
El Reno, Oklahoma
Jenks, Oklahoma
Ada, Oklahoma
Chickasha, Oklahoma
Durant, Oklahoma
Tahlequah, Oklahoma
Miami, Oklahoma
Okmulgee, Oklahoma
Woodward, Oklahoma
Elk City, Oklahoma
Guymon, Oklahoma
Choctaw, Oklahoma
Weatherford, Oklahoma
Glenpool, Oklahoma
Guthrie, Oklahoma
Warr Acres, Oklahoma
Coweta, Oklahoma
Hillsboro, Oregon
Beaverton, Oregon
Bend, Oregon
Medford, Oregon
Springfield, Oregon
Corvallis, Oregon
Aloha, Oregon
Albany, Oregon
Tigard, Oregon
Lake Oswego, Oregon
Keizer, Oregon
Grants Pass, Oregon
McMinnville, Oregon
Oregon City, Oregon
Redmond, Oregon
Tualatin, Oregon
West Linn, Oregon
Woodburn, Oregon
Newberg, Oregon
Roseburg, Oregon
Forest Grove, Oregon
Klamath Falls, Oregon
Bethany, Oregon
Milwaukie, Oregon
Ashland, Oregon
Altamont, Oregon
Wilsonville, Oregon
Hayesville, Oregon
Sherwood, Oregon
Oak Grove, Oregon
Central Point, Oregon
Pendleton, Oregon
Hermiston, Oregon
Four Corners, Oregon
Troutdale, Oregon
Coos Bay, Oregon
Canby, Oregon
Lebanon, Oregon
Cedar Mill, Oregon
Dallas, Oregon
Reading, Pennsylvania
Scranton, Pennsylvania
Bethlehem, Pennsylvania
Lancaster, Pennsylvania
Levittown, Pennsylvania
Harrisburg, Pennsylvania
Altoona, Pennsylvania
York, Pennsylvania
State College, Pennsylvania
Wilkes-Barre, Pennsylvania
Norristown, Pennsylvania
Chester, Pennsylvania
Bethel Park, Pennsylvania
Williamsport, Pennsylvania
Monroeville, Pennsylvania
Drexel Hill, Pennsylvania
Plum, Pennsylvania
Easton, Pennsylvania
Lebanon, Pennsylvania
Hazleton, Pennsylvania
New Castle, Pennsylvania
Pottstown, Pennsylvania
Allison Park, Pennsylvania
Johnstown, Pennsylvania
West Mifflin, Pennsylvania
Chambersburg, Pennsylvania
King of Prussia, Pennsylvania
Murrysville, Pennsylvania
McKeesport, Pennsylvania
Baldwin, Pennsylvania
Upper St. Clair, Pennsylvania
Carlisle, Pennsylvania
West Chester, Pennsylvania
Phoenixville, Pennsylvania
Lansdale, Pennsylvania
Hermitage, Pennsylvania
Willow Grove, Pennsylvania
Wilkinsburg, Pennsylvania
Fullerton, Pennsylvania
Hanover, Pennsylvania
Warwick, Rhode Island
Cranston, Rhode Island
Pawtucket, Rhode Island
East Providence, Rhode Island
Woonsocket, Rhode Island
Newport, Rhode Island
Central Falls, Rhode Island
Westerly, Rhode Island
Valley Falls, Rhode Island
Newport East, Rhode Island
Greenville, Rhode Island
Wakefield-Peacedale, Rhode Island
Cumberland Hill, Rhode Island
Tiverton, Rhode Island
Kingston, Rhode Island
Narragansett Pier, Rhode Island
Pascoag, Rhode Island
Harrisville, Rhode Island
Melville, Rhode Island
Hope Valley, Rhode Island
Bradford, Rhode Island
Ashaway, Rhode Island
Carolina, Rhode Island
Chepachet, Rhode Island
Harmony, Rhode Island
Greene, Rhode Island
Quonochontaug, Rhode Island
Misquamicut, Rhode Island
Weekapaug, Rhode Island
Foster Center, Rhode Island
Clayville, Rhode Island
Watch Hill, Rhode Island
Wyoming, Rhode Island
Mount Pleasant, South Carolina
Rock Hill, South Carolina
Greenville, South Carolina
Summerville, South Carolina
Sumter, South Carolina
Hilton Head Island, South Carolina
Spartanburg, South Carolina
Florence, South Carolina
Goose Creek, South Carolina
Aiken, South Carolina
Myrtle Beach, South Carolina
Anderson, South Carolina
Greer, South Carolina
Greenwood, South Carolina
Mauldin, South Carolina
Taylors, South Carolina
North Augusta, South Carolina
St. Andrews, South Carolina
Easley, South Carolina
Wade Hampton, South Carolina
Socastee, South Carolina
Simpsonville, South Carolina
Hanahan, South Carolina
Lexington, South Carolina
Conway, South Carolina
Seven Oaks, South Carolina
West Columbia, South Carolina
Five Forks, South Carolina
Red Hill, South Carolina
Ladson, South Carolina
Dentsville, South Carolina
North Myrtle Beach, South Carolina
Orangeburg, South Carolina
Clemson, South Carolina
Gantt, South Carolina
Berea, South Carolina
Cayce, South Carolina
Beaufort, South Carolina
Gaffney, South Carolina
Bluffton, South Carolina
Parker, South Carolina
Rapid City, South Dakota
Aberdeen, South Dakota
Brookings, South Dakota
Watertown, South Dakota
Mitchell, South Dakota
Yankton, South Dakota
Pierre, South Dakota
Huron, South Dakota
Vermillion, South Dakota
Spearfish, South Dakota
Brandon, South Dakota
Rapid Valley, South Dakota
Box Elder, South Dakota
Sturgis, South Dakota
Madison, South Dakota
Belle Fourche, South Dakota
Harrisburg, South Dakota
Tea, South Dakota
Pine Ridge, South Dakota
Hot Springs, South Dakota
Dell Rapids, South Dakota
Mobridge, South Dakota
Milbank, South Dakota
Canton, South Dakota
Lead, South Dakota
Winner, South Dakota
Chamberlain, South Dakota
Dakota Dunes, South Dakota
Sisseton, South Dakota
Colonial Pine Hills, South Dakota
Blackhawk, South Dakota
Hartford, South Dakota
North Sioux City, South Dakota
Custer, South Dakota
Flandreau, South Dakota
Redfield, South Dakota
Fort Pierre, South Dakota
Lennox, South Dakota
Summerset, South Dakota
Elk Point, South Dakota
Beresford, South Dakota
Volga, South Dakota
North Eagle Butte, South Dakota
Jackson, Tennessee
Franklin, Tennessee
Johnson City, Tennessee
Bartlett, Tennessee
Hendersonville, Tennessee
Kingsport, Tennessee
Collierville, Tennessee
Cleveland, Tennessee
Smyrna, Tennessee
Germantown, Tennessee
Brentwood, Tennessee
Columbia, Tennessee
La Vergne, Tennessee
Gallatin, Tennessee
Cookeville, Tennessee
Oak Ridge, Tennessee
Morristown, Tennessee
Spring Hill, Tennessee
Maryville, Tennessee
Bristol, Tennessee
Lebanon, Tennessee
Mount Juliet, Tennessee
East Ridge, Tennessee
Farragut, Tennessee
Shelbyville, Tennessee
Tullahoma, Tennessee
Dyersburg, Tennessee
Springfield, Tennessee
Goodlettsville, Tennessee
Greeneville, Tennessee
Sevierville, Tennessee
Dickson, Tennessee
Elizabethton, Tennessee
Middle Valley, Tennessee
McMinnville, Tennessee
Athens, Tennessee
Soddy-Daisy, Tennessee
Lakeland, Tennessee
The Woodlands, Texas
Tyler, Texas
Lewisville, Texas
College Station, Texas
San Angelo, Texas
Pearland, Texas
Allen, Texas
League City, Texas
Longview, Texas
Sugar Land, Texas
Edinburg, Texas
Mission, Texas
Orem, Utah
Sandy, Utah
Ogden, Utah
St. George, Utah
Layton, Utah
Millcreek, Utah
Taylorsville, Utah
South Jordan, Utah
Logan, Utah
Lehi, Utah
Murray, Utah
Bountiful, Utah
Draper, Utah
Riverton, Utah
Roy, Utah
Kearns, Utah
Spanish Fork, Utah
Cottonwood Heights, Utah
Pleasant Grove, Utah
Tooele, Utah
Clearfield, Utah
Springville, Utah
Cedar City, Utah
Midvale, Utah
Magna, Utah
Kaysville, Utah
Holladay, Utah
American Fork, Utah
Syracuse, Utah
South Salt Lake, Utah
Herriman, Utah
Eagle Mountain, Utah
Clinton, Utah
Washington, Utah
Farmington, Utah
Payson, Utah
Brigham City, Utah
Saratoga Springs, Utah
North Ogden, Utah
South Ogden, Utah
South Burlington, Vermont
Rutland, Vermont
Essex Junction, Vermont
Barre, Vermont
Bennington, Vermont
Winooski, Vermont
Brattleboro, Vermont
St. Albans, Vermont
Middlebury, Vermont
St. Johnsbury, Vermont
Newport, Vermont
Springfield, Vermont
Northfield, Vermont
West Brattleboro, Vermont
Bellows Falls, Vermont
Vergennes, Vermont
Swanton, Vermont
Windsor, Vermont
White River Junction, Vermont
Fair Haven, Vermont
West Rutland, Vermont
Waterbury, Vermont
Bristol, Vermont
Morrisville, Vermont
Manchester Center, Vermont
Milton, Vermont
North Bennington, Vermont
Poultney, Vermont
Randolph, Vermont
Wilder, Vermont
Brandon, Vermont
Johnson, Vermont
Richford, Vermont
South Barre, Vermont
Enosburg Falls, Vermont
Hardwick, Vermont
Jericho, Vermont
Lyndonville, Vermont
Arlington, Vermont
Chester, Vermont
Castleton, Vermont
Williamstown, Vermont
Arlington, Virginia
Roanoke, Virginia
Portsmouth, Virginia
Suffolk, Virginia
Lynchburg, Virginia
Centreville, Virginia
Dale City, Virginia
Reston, Virginia
Harrisonburg, Virginia
McLean, Virginia
Tuckahoe, Virginia
Ashburn, Virginia
Charlottesville, Virginia
Leesburg, Virginia
Danville, Virginia
Blacksburg, Virginia
Burke, Virginia
Lake Ridge, Virginia
Annandale, Virginia
Manassas, Virginia
Linton Hall, Virginia
Marumsco, Virginia
Mechanicsville, Virginia
Oakton, Virginia
Petersburg, Virginia
Springfield, Virginia
Fair Oaks, Virginia
West Falls Church, Virginia
Winchester, Virginia
Sterling, Virginia
Short Pump, Virginia
Cave Spring, Virginia
Fredericksburg, Virginia
Salem, Virginia
South Riding, Virginia
Staunton, Virginia
Herndon, Virginia
Renton, Washington
Yakima, Washington
Spokane Valley, Washington
Federal Way, Washington
Bellingham, Washington
Kennewick, Washington
Auburn, Washington
Marysville, Washington
Pasco, Washington
Lakewood, Washington
Redmond, Washington
South Hill, Washington
Shoreline, Washington
Kirkland, Washington
Richland, Washington
Sammamish, Washington
Burien, Washington
Lacey, Washington
Edmonds, Washington
Bremerton, Washington
Puyallup, Washington
Longview, Washington
Lynnwood, Washington
Parkland, Washington
Bothell, Washington
Wenatchee, Washington
Mount Vernon, Washington
Walla Walla, Washington
University Place, Washington
Issaquah, Washington
Pullman, Washington
Des Moines, Washington
Spanaway, Washington
Lake Stevens, Washington
SeaTac, Washington
Cottage Lake, Washington
Huntington, West Virginia
Parkersburg, West Virginia
Morgantown, West Virginia
Wheeling, West Virginia
Weirton, West Virginia
Fairmont, West Virginia
Beckley, West Virginia
Martinsburg, West Virginia
Clarksburg, West Virginia
South Charleston, West Virginia
Teays Valley, West Virginia
St. Albans, West Virginia
Vienna, West Virginia
Bluefield, West Virginia
Cross Lanes, West Virginia
Moundsville, West Virginia
Bridgeport, West Virginia
Cheat Lake, West Virginia
Dunbar, West Virginia
Oak Hill, West Virginia
Nitro, West Virginia
Elkins, West Virginia
Pea Ridge, West Virginia
Princeton, West Virginia
Hurricane, West Virginia
Buckhannon, West Virginia
Sissonville, West Virginia
New Martinsville, West Virginia
Keyser, West Virginia
Charles Town, West Virginia
Grafton, West Virginia
Brookhaven, West Virginia
Ranson, West Virginia
Point Pleasant, West Virginia
Weston, West Virginia
Westover, West Virginia
Barboursville, West Virginia
Ravenswood, West Virginia
Lewisburg, West Virginia
Summersville, West Virginia
Ripley, West Virginia
Kenova, West Virginia
Blennerhassett, West Virginia
Racine, Wisconsin
Appleton, Wisconsin
Waukesha, Wisconsin
Oshkosh, Wisconsin
Eau Claire, Wisconsin
Janesville, Wisconsin
West Allis, Wisconsin
La Crosse, Wisconsin
Sheboygan, Wisconsin
Wauwatosa, Wisconsin
Fond du Lac, Wisconsin
New Berlin, Wisconsin
Wausau, Wisconsin
Brookfield, Wisconsin
Beloit, Wisconsin
Greenfield, Wisconsin
Menomonee Falls, Wisconsin
Franklin, Wisconsin
Oak Creek, Wisconsin
Manitowoc, Wisconsin
West Bend, Wisconsin
Sun Prairie, Wisconsin
Superior, Wisconsin
Stevens Point, Wisconsin
Mount Pleasant, Wisconsin
Neenah, Wisconsin
Fitchburg, Wisconsin
Caledonia, Wisconsin
Muskego, Wisconsin
Watertown, Wisconsin
De Pere, Wisconsin
Mequon, Wisconsin
South Milwaukee, Wisconsin
Germantown, Wisconsin
Pleasant Prairie, Wisconsin
Marshfield, Wisconsin
Wisconsin Rapids, Wisconsin
Cudahy, Wisconsin
Onalaska, Wisconsin
Middleton, Wisconsin
Casper, Wyoming
Gillette, Wyoming
Rock Springs, Wyoming
Sheridan, Wyoming
Green River, Wyoming
Evanston, Wyoming
Riverton, Wyoming
Jackson, Wyoming
Cody, Wyoming
Rawlins, Wyoming
Lander, Wyoming
Torrington, Wyoming
Ranchettes, Wyoming
Powell, Wyoming
Douglas, Wyoming
Worland, Wyoming
Buffalo, Wyoming
South Greeley, Wyoming
Fox Farm-College, Wyoming
Wheatland, Wyoming
Newcastle, Wyoming
Mills, Wyoming
Thermopolis, Wyoming
Warren AFB, Wyoming
North Rock Springs, Wyoming
Kemmerer, Wyoming
Evansville, Wyoming
Moose Wilson Road, Wyoming
Glenrock, Wyoming
Afton, Wyoming
Lovell, Wyoming
Bar Nunn, Wyoming
Wright, Wyoming
Lyman, Wyoming
Pinedale, Wyoming
Ethete, Wyoming
Greybull, Wyoming
Saratoga, Wyoming
Antelope Valley-Crestview, Wyoming
Lusk, Wyoming
Fort Washakie, Wyoming
South Park, Wyoming 